zzzDNU-Staffing	zzzDNU-Staffing	111111111	New York	NY	t
5393 - internal staff	Choice Personnel	13-2772064	New York	NY	t
5393 - Choice Personnel	Choice Personnel	13-2772064	New York	NY	t
5034 - Choice Temps	Choice Temps Inc	13-3526432	New York	NY	t
5034 - internal staff	Choice Temps Inc	13-3526432	New York	NY	t
5035 - Choice Interpreters	Choice Temps Inc	13-3526432	New York	NY	t
400 - Star Staffing Housekeeping	Star Hospitality Group	13-3626077	New York	NY	t
400 - internal	Star Hospitality Group	13-3626077	New York	NY	t
450 - NSG Hotel Management	Star Hospitality Group	13-3626077	New York	NY	t
450 - internal	Star Hospitality Group	13-3626077	New York	NY	t
403 - SPS Resources Inc.	Star Hospitality Group	13-3626077	New York	NY	t
402 - Star Staffing Services	Star Hospitality Group	13-3626077	New York	NY	t
402 - internal	Star Hospitality Group	13-3626077	New York	NY	t
401 - NSG Star Hosp	Star Hospitality Group	13-3626077	New York	NY	t
045S - search point internal	Searchpoint NY Inc	20-2862478	New York	NY	t
635 - NWFSGOV	Searchpoint NY Inc	20-2862478	New York	NY	t
633 - Benefits Eligible	Searchpoint NY Inc	20-2862478	New York	NY	t
634 - Channel Partnerships	Searchpoint NY Inc	20-2862478	New York	NY	t
630 - PR	Searchpoint NY Inc	20-2862478	New York	NY	t
601 - Noor Staffing Services	Searchpoint NY Inc	20-2862478	New York	NY	t
601 - internal	Searchpoint NY Inc	20-2862478	New York	NY	t
631 - HR	Searchpoint NY Inc	20-2862478	New York	NY	t
632 - ER	Searchpoint NY Inc	20-2862478	New York	NY	t
180 - internal	Searchpoint NY Inc	20-2862478	New York	NY	t
045S - Searchpoint NY Inc	Searchpoint NY Inc	20-2862478	New York	NY	t
171 - internal	Noor Associates Inc	20-3236508	Harrisburg	PA	t
181 - Noor Associates, Inc	Noor Associates Inc	20-3236508	Harrisburg	PA	t
181 - noor associate internal	Noor Associates Inc	20-3236508	Harrisburg	PA	t
180 - The Legal Group	Noor Associates Inc	20-3236508	Harrisburg	PA	t
180 - legal group internal	Noor Associates Inc	20-3236508	Harrisburg	PA	t
178- Noor Associates, Inc CL	Noor Associates Inc	20-3236508	Harrisburg	PA	t
178 - internal	Noor Associates Inc	20-3236508	Harrisburg	PA	t
080	Noor Associates Inc	20-3236508	New York	NY	t
171 - Noor Associates, Inc	Noor Associates Inc	20-3236508	Harrisburg	PA	t
080 - internal	Noor Associates Inc	20-3236508	New york	NY	t
179 - Global Empire, LLC	Global Empire LLC	25-1836736	Harrisburg	PA	t
175 - internal staff	Global Empire LLC	25-1836736	Harrisburg	PA	t
175 - Global Empire, LLC	Global Empire LLC	25-1836736	Harrisburg	PA	t
177 - internal	Global Empire LLC	25-1836736	Harrisburg	PA	t
176 - internal	Global Empire LLC	25-1836736	Harrisburg	PA	t
170 - Global NI internal	Global Empire LLC	25-1836736	Harrisburg	PA	t
176 - GHG International/Therapy	Global Empire LLC	25-1836736	Harrisburg	PA	t
179 - internal	Global Empire LLC	25-1836736	Harrisburg	PA	t
177 - GHG International/Therapy 1	Global Empire LLC	25-1836736	Harrisburg	PA	t
5234 - internal staff	Tab Staffing	26-0177671	Union City	NJ	t
5234 - Tab Staffing NJ	Tab Staffing	26-0177671	Union CIty	NJ	t
5235 - internal staff	Tab Staffing	26-0177671	UNION CITY,	NJ	t
5235 - Tab Staffing PA	Tab Staffing	26-0177671	UNION CITY	NJ	t
172 - GHG Home Care, LLC	GHG Home Care LLC	32-0412407	Harrisburg	PA	t
172 -internal	GHG Home Care LLC	32-0412407	Harrisburg	PA	t
182 - GHG Harrisburg	GHG Home Care LLC	32-0412407	Harrisburg	PA	t
182 -internal	GHG Home Care LLC	32-0412407	Harrisburg	PA	t
183 -internal	GHG Home Care LLC	32-0412407	Scranton	PA	t
184 - GHG Philadelphia	GHG Home Care LLC	32-0412407	Harrisburg	PA	t
184 -internal	GHG Home Care LLC	32-0412407	Harrisburg	PA	t
185 - GHG Reading	GHG Home Care LLC	32-0412407	Reading	PA	t
185 -internal	GHG Home Care LLC	32-0412407	185 -internal	PA	t
186 - GHG Pittsburg	GHG Home Care LLC	32-0412407	Pittsburgh	PA	t
186 -internal	GHG Home Care LLC	32-0412407	Pittsburgh	PA	t
183 - GHG Scranton	GHG Home Care LLC	32-0412407	Scranton	PA	t
175 - GHG LLC	GHG LLC	32-0412506	Harrisburg	PA	t
174 - GHG, LLC	GHG LLC	32-0412506	Harrisburg	PA	t
174 - internal	GHG LLC	32-0412506	Harrisburg	PA	t
177 - internal GHG international	GHG LLC	32-0412506	Harrisburg	PA	t
175 - ghg internal	GHG LLC	32-0412506	Harrisburg	PA	t
176 - GHG international	GHG LLC	32-0412506	Harrisburg	PA	t
176 - internal GHG international	GHG LLC	32-0412506	Harrisburg	PA	t
177 - GHG international	GHG LLC	32-0412506	Harrisburg	PA	t
173 - GHG Home Health, LLC	GHG Home Health	32-0413091	Harrisburg	PA	t
173 - internal	GHG Home Health	32-0413091	Harrisburg	PA	t
170 - Noor Inc	Noor Inc	46-2902444	Harrisburg	PA	t
170 - INTERNAL	Noor Inc	46-2902444	New York	NY	t
5267 - internal staff	Choice LI Inc	46-5317111	Harrisburg	PA	t
zzzDNU	Choice LI Inc	46-5317111	New York	NY	t
5262 - Choice Staffing GA	Choice LI Inc	46-5317111	Hauppauge	NY	t
5262 - internal staff	Choice LI Inc	46-5317111	Hauppauge	NY	t
5263 - Choice Staffing TX	Choice LI Inc	46-5317111	San Antonio	TX	t
5263 - internal staff	Choice LI Inc	46-5317111	San Antonio	TX	t
5264 - Choice Staffing PA Cleona	Choice LI Inc	46-5317111	Cleona	PA	t
5264 - internal staff	Choice LI Inc	46-5317111	Cleona	PA	t
5265 - Choice Staffing FL	Choice LI Inc	46-5317111	Tallahassee	FL	t
5265 - internal staff	Choice LI Inc	46-5317111	5265 - internal staff	FL	t
5266 - Choice Staffing KY	Choice LI Inc	46-5317111	New York	NY	t
5266 - internal staff	Choice LI Inc	46-5317111	New York	NY	t
5267 - Choice Staffing PA Harrisburg	Choice LI Inc	46-5317111	Harrisburg	PA	t
5268 - Choice Staffing NJ Union	Choice LI Inc	46-5317111	Union City	NJ	t
5268 - internal staff	Choice LI Inc	46-5317111	Union City	NJ	t
5269 - Choice Staffing MA	Choice LI Inc	46-5317111	New York	NY	t
5269 - internal	Choice LI Inc	46-5317111	New York	NY	t
5270 - Choice Staffing RI	Choice LI Inc	46-5317111	New York	NY	t
5270 - internal	Choice LI Inc	46-5317111	New York	NY	t
5232 - Choice LI	Choice LI Inc	46-5317111	Hauppauge	NY	t
5232 - internal staff	Choice LI Inc	46-5317111	Hauppauge	NY	t
5233 - Choice LI NJ Edison	Choice LI Inc	46-5317111	New Brunswick	NJ	t
5233 - internal staff	Choice LI Inc	46-5317111	New Brunswick	NJ	t
5260 - Choice LI Payrollee	Choice LI Inc	46-5317111	Hauppauge	NY	t
5261 - Choice Staffing CA	Choice LI Inc	46-5317111	Stockton	CA	t
5261 - internal staff	Choice LI Inc	46-5317111	Stockton	CA	t
612 - Graham, NC	Noor Strategies Inc	47-3136708	New York	NY	t
613 - Fall River, MA	Noor Strategies Inc	47-3136708	New York	NY	t
614 - Greensboro, NC	Noor Strategies Inc	47-3136708	New York	NY	t
622 - Worcester, MA	Noor Strategies Inc	47-3136708	New York	NY	t
51 - internal	Noor Strategies Inc	47-3136708	New York	NY	t
51- Noor Strategies	Noor Strategies Inc	47-3136708	New york	NY	t
611 - Danvers, MA	Noor Strategies Inc	47-3136708	New York	NY	t
610 - Chelsea, MA	Noor Strategies Inc	47-3136708	New York	NY	t
600 - Noor Staffing Company	Noor Strategies Inc	47-3136708	New York	NY	t
600 - internal	Noor Strategies Inc	47-3136708	New York	NY	t
615 - Hartford, CT	Noor Strategies Inc	47-3136708	New York	NY	t
621 - Winston Salem, NC	Noor Strategies Inc	47-3136708	New York	NY	t
620 - Shelton, CT	Noor Strategies Inc	47-3136708	New York	NY	t
619 - Salisbury, NC	Noor Strategies Inc	47-3136708	New York	NY	t
616 - Manchester, NH	Noor Strategies Inc	47-3136708	New York	NY	t
618 - Providence, RI	Noor Strategies Inc	47-3136708	New York	NY	t
617 - Milford, CT	Noor Strategies Inc	47-3136708	New York	NY	t
016 - Windsor	Noor Staffing Group LLC	47-3140924	New York	NY	t
045 - Noor Staffing Group. LLC	Noor Staffing Group LLC	47-3140924	New York	NY	t
002 - Prompt Personnel Associates	Noor Staffing Group LLC	47-3140924	New York	NY	t
045 - internal	Noor Staffing Group LLC	47-3140924	New York	NY	t
041 - Triangle Personnel Associates	Noor Staffing Group LLC	47-3140924	New York	NY	t
041 - internal	Noor Staffing Group LLC	47-3140924	New York	NY	t
039 - Noor Staffing Group Long Island	Noor Staffing Group LLC	47-3140924	New York	NY	t
039 - internal	Noor Staffing Group LLC	47-3140924	New York	NY	t
038 - Troy Associates	Noor Staffing Group LLC	47-3140924	New York	NY	t
038 - internal	Noor Staffing Group LLC	47-3140924	New York	NY	t
035 - internal	Noor Staffing Group LLC	47-3140924	New York	NY	t
035 - Diversity Staffing	Noor Staffing Group LLC	47-3140924	New York	NY	t
030 - internal	Noor Staffing Group LLC	47-3140924	New York	NY	t
030 - Creative Network Systems	Noor Staffing Group LLC	47-3140924	New York	NY	t
028 - internal	Noor Staffing Group LLC	47-3140924	New York	NY	t
028 - Ideal Talent Solutions	Noor Staffing Group LLC	47-3140924	New York	NY	t
027 - The Employment Source	Noor Staffing Group LLC	47-3140924	New York	NY	t
027 - internal	Noor Staffing Group LLC	47-3140924	New york	NY	t
020 - Temporary Alternatives	Noor Staffing Group LLC	47-3140924	New York	NY	t
101	Noor Staffing Group LLC	47-3140924	New York	NY	t
102 - internal	Noor Staffing Group LLC	47-3140924	New York	NY	t
102 - Segue Search	Noor Staffing Group LLC	47-3140924	New York	NY	t
103 - internal	Noor Staffing Group LLC	47-3140924	New york	NY	t
103 - Noor Staffing Group Government	Noor Staffing Group LLC	47-3140924	New York	NY	t
104 - internal	Noor Staffing Group LLC	47-3140924	New York	NY	t
104 - The Tuttle Agency	Noor Staffing Group LLC	47-3140924	New York	NY	t
107 - internal	Noor Staffing Group LLC	47-3140924	New york	NY	t
107 - Strategic Resource Staffing	Noor Staffing Group LLC	47-3140924	New York	NY	t
131 - Diversity Staffing	Noor Staffing Group LLC	47-3140924	New York	NY	t
131 - internal	Noor Staffing Group LLC	47-3140924	New York	NY	t
132 - internal	Noor Staffing Group LLC	47-3140924	New York	NY	t
132 - Prompt Personnel Associates R	Noor Staffing Group LLC	47-3140924	New York	NY	t
141 - RWP Solutions	Noor Staffing Group LLC	47-3140924	New York	NY	t
141 -internal	Noor Staffing Group LLC	47-3140924	New York	NY	t
142 - NSG Star Hospitality	Noor Staffing Group LLC	47-3140924	New York	NY	t
081 - internal	Noor Staffing Group LLC	47-3140924	New york	NY	t
081 - Diversity Services of DC	Noor Staffing Group LLC	47-3140924	New York	NY	t
076 - Tuttle Agency of Pennsylvania	Noor Staffing Group LLC	47-3140924	New York	NY	t
050 - internal	Noor Staffing Group LLC	47-3140924	New York	NY	t
051 - internal	Noor Staffing Group LLC	47-3140924	New York	NY	t
051 - NSG Lite	Noor Staffing Group LLC	47-3140924	New York	NY	t
052 - internal	Noor Staffing Group LLC	47-3140924	New York	NY	t
052 - Park Avenue Partners	Noor Staffing Group LLC	47-3140924	New York	NY	t
053 - internal	Noor Staffing Group LLC	47-3140924	New York	NY	t
053 - Lerner, Cumbo & Associates	Noor Staffing Group LLC	47-3140924	New York	NY	t
057 - internal	Noor Staffing Group LLC	47-3140924	New York	NY	t
066 - internal	Noor Staffing Group LLC	47-3140924	New york	NY	t
000	Noor Staffing Group LLC	47-3140924	New York	NY	t
076 - internal	Noor Staffing Group LLC	47-3140924	New york	NY	t
067 - internal	Noor Staffing Group LLC	47-3140924	New York	NY	t
067 - Aldan Troy Group	Noor Staffing Group LLC	47-3140924	New York	NY	t
066 - Segue Search	Noor Staffing Group LLC	47-3140924	New York	NY	t
065 - JD & Tuttle Hospitality	Noor Staffing Group LLC	47-3140924	New York	NY	t
065 - internal	Noor Staffing Group LLC	47-3140924	New York	NY	t
063 - Segue Hospitality	Noor Staffing Group LLC	47-3140924	New York	NY	t
063 - internal	Noor Staffing Group LLC	47-3140924	New York	NY	t
062 - Segue Search	Noor Staffing Group LLC	47-3140924	New York	NY	t
062 - internal	Noor Staffing Group LLC	47-3140924	New York	NY	t
060 - Tuttle/Staffing Remedies	Noor Staffing Group LLC	47-3140924	New York	NY	t
060 - internal	Noor Staffing Group LLC	47-3140924	New York	NY	t
059 - The Tuttle Agency	Noor Staffing Group LLC	47-3140924	New York	NY	t
059 - internal	Noor Staffing Group LLC	47-3140924	New York	NY	t
057 - On the Marks Personnel	Noor Staffing Group LLC	47-3140924	New York	NY	t
050 - F.S.I. Services	Noor Staffing Group LLC	47-3140924	New York	NY	t
000 - internal	Noor Staffing Group LLC	47-3140924	New York	NY	t
002 - internal	Noor Staffing Group LLC	47-3140924	New York	NY	t
009 - internal	Noor Staffing Group LLC	47-3140924	New york	NY	t
010 - Internal	Noor Staffing Group LLC	47-3140924	New York	NY	t
011 - Internal	Noor Staffing Group LLC	47-3140924	New York	NY	t
012 - Internal	Noor Staffing Group LLC	47-3140924	New York	NY	t
013 - Internal	Noor Staffing Group LLC	47-3140924	New York	NY	t
014 - Internal	Noor Staffing Group LLC	47-3140924	New York	NY	t
015 - Internal	Noor Staffing Group LLC	47-3140924	New York	NY	t
016 - Internal	Noor Staffing Group LLC	47-3140924	New York	NY	t
020 - internal	Noor Staffing Group LLC	47-3140924	New York	NY	t
015 - Vital Retail	Noor Staffing Group LLC	47-3140924	New York	NY	t
014 - Seethru	Noor Staffing Group LLC	47-3140924	New York	NY	t
013 - Windsor Payrollee	Noor Staffing Group LLC	47-3140924	New York	NY	t
012 - FXCM Global	Noor Staffing Group LLC	47-3140924	New York	NY	t
011 - Force One Entertainment	Noor Staffing Group LLC	47-3140924	New York	NY	t
010 - Windsor Payroll	Noor Staffing Group LLC	47-3140924	New York	NY	t
009 - Temporary Services	Noor Staffing Group LLC	47-3140924	New York	NY	t
Conversion Branch	Noor Staffing Group LLC	47-3140924	New York	NY	t
084	Noor Staffing Group LLC	47-3140924	New York	NY	t
084 - internal	Noor Staffing Group LLC	47-3140924	New york	NY	t
090 - internal	Noor Staffing Group LLC	47-3140924	New York	NY	t
090 - Noor Staffing Group	Noor Staffing Group LLC	47-3140924	New York	NY	t
091 -  internal	Noor Staffing Group LLC	47-3140924	New York	NY	t
091 - Searchpoint NY	Noor Staffing Group LLC	47-3140924	New York	NY	t
099 - internal	Noor Staffing Group LLC	47-3140924	New York	NY	t
099 - NSG Hotel Management	Noor Staffing Group LLC	47-3140924	New York	NY	t
100	Noor Staffing Group LLC	47-3140924	New york	NY	t
100 - internal	Noor Staffing Group LLC	47-3140924	New York	NY	t
101 - internal	Noor Staffing Group LLC	47-3140924	New York	NY	t
SX - 194 - internal	Homestyle Specialty & Nursing Care, Inc	74-2900093	San Antonio	TX	t
SX - 194 - Restorative Health Care S TX	Homestyle Specialty & Nursing Care, Inc	74-2900093	Corpus Christi	TX	t
SX - 195 - internal	Homestyle Specialty & Nursing Care, Inc	74-2900093	San Antonio	TX	t
SX - 195 - Restorative Health Care	Homestyle Specialty & Nursing Care, Inc	74-2900093	San Antonio	TX	t
SX - 192 - internal	Homestyle Specialty & Nursing Care, Inc	74-2900093	San Antonio	TX	t
SX - 191 - Restorative Health Care	Homestyle Specialty & Nursing Care, Inc	74-2900093	San Antonio	TX	t
SX - 191 - internal	Homestyle Specialty & Nursing Care, Inc	74-2900093	San Antonio	TX	t
SX - 190 - RHC Corporate	Homestyle Specialty & Nursing Care, Inc	74-2900093	San Antonio	TX	t
SX - 190 - internal	Homestyle Specialty & Nursing Care, Inc	74-2900093	San Antonio	TX	t
SX - 192 - Restorative Health Care S TX	Homestyle Specialty & Nursing Care, Inc	74-2900093	Corpus Christi	TX	t
SX - 193 - internal	Homestyle Specialty & Nursing Care, Inc	74-2900093	San Antonio	TX	t
SX - 193 - Restorative Health Care	Homestyle Specialty & Nursing Care, Inc	74-2900093	San Antonio	TX	t
RH - 195 - Restorative Health Care	Management & Business Associates, Inc	74-2948798	San Antonio	TX	t
RHC - pre acq	Management & Business Associates, Inc	74-2948798	San Antonio	TX	t
RH - 190 - internal	Management & Business Associates, Inc	74-2948798	San Antonio	TX	t
RH - 191 - internal	Management & Business Associates, Inc	74-2948798	San Antionion	TX	t
RH - 193 - Restorative Health Care	Management & Business Associates, Inc	74-2948798	San Antonio	TX	t
RH - 194 - internal	Management & Business Associates, Inc	74-2948798	San Antonio	TX	t
RH - 194 - Restorative Health Care S TX	Management & Business Associates, Inc	74-2948798	Corpus Christi	TX	t
RH - 195 - internal	Management & Business Associates, Inc	74-2948798	San Antonio	TX	t
RH - 192 - Restorative Health Care S TX	Management & Business Associates, Inc	74-2948798	Corpus Christi	TX	t
RH - 192 - internal	Management & Business Associates, Inc	74-2948798	San Antonio	TX	t
RH - 193 - internal	Management & Business Associates, Inc	74-2948798	San Antonio	TX	t
RH - 191 - Restorative Health Care	Management & Business Associates, Inc	74-2948798	San Antonio	TX	t
RH - 190 - DBA - Restorative Health Care	Management & Business Associates, Inc	74-2948798	San Antonio	TX	t
500 - Noor Corp	Noor Corporate LLC	92-0298529	New York	NY	t
500 - internal	Noor Corporate LLC	92-0298529	New York	NY	t
5550 - internal	Choice Staffing LLC	93-2685266	New York	NY	t
5550 - Choice Staffing Services FL	Choice Staffing LLC	93-2685266	New York	NY	t
5551 - Choice Staffing Services GA	Choice Staffing LLC	93-2685266	New York	NY	t
5552 - Choice Staffing Services SC	Choice Staffing LLC	93-2685266	New York	NY	t
